EMPLOYEEID,EMPLOYEENAME,GENDER,DATEOFBIRTH,AGE,MARITALSTATUS,NATIONALITY,CITY,STATE,COUNTRY,JOBTITLE,DEPARTMENT,BUSINESSUNIT,DIVISION
101,John Smith,Male,15/02/1985,32,Married,United States,New York,NY,USA,Accountant,Finance,Finance Division,Accounting
102,Sarah Johnson,Female,10/07/1990,28,Single,United States,Los Angeles,CA,USA,Marketing Specialist,Marketing,Marketing Division,Marketing
103,Michael Davis,Male,25/11/1982,35,Married,Canada,Toronto,Ontario,Canada,Sales Representative,Sales,Sales Division,Sales
104,Emily Wilson,Female,03/04/1987,29,Single,United Kingdom,London,England,UK,Software Engineer,Technology,Technology Division,Engineering
105,Robert Anderson,Male,12/09/1979,37,Divorced,Australia,Sydney,New South Wales,Australia,Human Resources Manager,Human Resources,HR Division,Human Resources
106,Olivia Thompson,Female,18/06/1984,31,Married,United States,Chicago,IL,USA,Operations Supervisor,Operations,Operations Division,Operations
107,David Martinez,Male,05/03/1992,26,Single,Spain,Madrid,Madrid,Spain,Customer Service Representative,Customer Service,Customer Service Division,Customer Service
108,Sophia Lee,Female,20/08/1989,33,Single,United States,San Francisco,CA,USA,Product Manager,Product Management,Product Division,Product Management
109,James Rodriguez,Male,10/01/1986,30,Married,Mexico,Mexico City,Distrito Federal,Mexico,IT Specialist,IT,IT Division,IT
110,Emma Taylor,Female,28/10/1993,27,Single,United States,Miami,FL,USA,Administrative Assistant,Administration,Admin Division,Administration
111,William Hernandez,Male,07/05/1988,34,Married,United States,Houston,TX,USA,Accountant,Finance,Finance Division,Accounting
112,Isabella Moore,Female,22/12/1991,29,Single,Canada,Vancouver,British Columbia,Canada,Marketing Specialist,Marketing,Marketing Division,Marketing
113,Aiden Brown,Male,31/07/1983,36,Married,United Kingdom,Manchester,England,UK,Sales Representative,Sales,Sales Division,Sales
114,Mia Clark,Female,13/02/1987,30,Single,Australia,Melbourne,Victoria,Australia,Software Engineer,Technology,Technology Division,Engineering
115,Liam Lewis,Male,05/11/1975,38,Divorced,United States,Seattle,WA,USA,Human Resources Manager,Human Resources,HR Division,Human Resources
116,Sofia Green,Female,08/04/1988,32,Married,Germany,Berlin,Berlin,Germany,Operations Supervisor,Operations,Operations Division,Operations
117,Noah Baker,Male,19/09/1995,27,Single,United States,Boston,MA,USA,Customer Service Representative,Customer Service,Customer Service Division,Customer Service
118,Ava Gonzalez,Female,16/06/1992,34,Single,United States,Atlanta,GA,USA,Product Manager,Product Management,Product Division,Product Management
119,Lucas Martinez,Male,27/01/1989,31,Married,Spain,Barcelona,Catalonia,Spain,IT Specialist,IT,IT Division,IT
120,Charlotte Hill,Female,14/08/1994,28,Single,United Kingdom,Birmingham,England,UK,Administrative Assistant,Administration,Admin Division,Administration
121,Harper Collins,Female,30/03/1991,33,Single,United States,Philadelphia,PA,USA,Accountant,Finance,Finance Division,Accounting
122,Emma Adams,Female,23/10/1988,30,Married,Canada,Montreal,Quebec,Canada,Marketing Specialist,Marketing,Marketing Division,Marketing
123,Liam Turner,Male,16/05/1985,37,Married,United States,Dallas,TX,USA,Sales Representative,Sales,Sales Division,Sales
124,Olivia Harris,Female,09/12/1990,31,Single,Australia,Brisbane,Queensland,Australia,Software Engineer,Technology,Technology Division,Engineering
125,Noah Butler,Male,02/09/1978,39,Divorced,United States,Denver,CO,USA,Human Resources Manager,Human Resources,HR Division,Human Resources
126,Sophia Bell,Female,25/04/1983,33,Married,United States,Phoenix,AZ,USA,Operations Supervisor,Operations,Operations Division,Operations
127,Lucas Carter,Male,18/11/1991,28,Single,United States,Detroit,MI,USA,Customer Service Representative,Customer Service,Customer Service Division,Customer Service
128,Ava Anderson,Female,11/06/1988,35,Single,Canada,Ottawa,Ontario,Canada,Product Manager,Product Management,Product Division,Product Management
129,James Walker,Male,14/01/1985,32,Married,United States,Austin,TX,USA,IT Specialist,IT,IT Division,IT
130,Olivia Richardson,Female,17/10/1992,29,Single,United States,Pittsburgh,PA,USA,Administrative Assistant,Administration,Admin Division,Administration
131,Benjamin Wright,Male,01/05/1987,34,Married,United States,Minneapolis,MN,USA,Accountant,Finance,Finance Division,Accounting
132,Sophia Rodriguez,Female,24/12/1994,31,Single,Canada,Calgary,Alberta,Canada,Marketing Specialist,Marketing,Marketing Division,Marketing
133,Lucas Turner,Male,06/07/1989,38,Married,United States,Portland,OR,USA,Sales Representative,Sales,Sales Division,Sales
134,Emma Davis,Female,29/02/1992,32,Single,Australia,Perth,Western Australia,Australia,Software Engineer,Technology,Technology Division,Engineering
135,Noah Hernandez,Male,10/09/1983,40,Married,Mexico,Guanajuato,Guanajuato,Mexico,Human Resources Manager,Human Resources,HR Division,Human Resources
136,Ava Wilson,Female,02/04/1988,34,Single,United States,Columbus,OH,USA,Operations Supervisor,Operations,Operations Division,Operations
137,Liam Adams,Male,15/11/1995,29,Single,United States,Indianapolis,IN,USA,Customer Service Representative,Customer Service,Customer Service Division,Customer Service
138,Emily Moore,Female,29/06/1990,36,Married,Canada,Edmonton,Alberta,Canada,Product Manager,Product Management,Product Division,Product Management
139,William Phillips,Male,09/01/1987,33,Married,United States,Raleigh,NC,USA,IT Specialist,IT,IT Division,IT
140,Sophia Anderson,Female,26/10/1994,30,Single,United States,Tampa,FL,USA,Administrative Assistant,Administration,Admin Division,Administration
141,Charlotte Thompson,Female,11/03/1989,35,Single,United Kingdom,Leeds,England,UK,Accountant,Finance,Finance Division,Accounting
142,Aiden Harris,Male,24/08/1984,32,Married,United States,Orlando,FL,USA,Marketing Specialist,Marketing,Marketing Division,Marketing
143,Liam Turner,Male,02/05/1981,39,Married,United States,San Diego,CA,USA,Sales Representative,Sales,Sales Division,Sales
144,Olivia Adams,Female,05/10/1986,33,Single,Australia,Adelaide,South Australia,Australia,Software Engineer,Technology,Technology Division,Engineering
145,Noah Richardson,Male,18/07/1979,41,Divorced,United States,Nashville,TN,USA,Human Resources Manager,Human Resources,HR Division,Human Resources
146,Sophia Walker,Female,01/12/1988,35,Married,Germany,Hamburg,Hamburg,Germany,Operations Supervisor,Operations,Operations Division,Operations
147,Lucas Clark,Male,14/09/1996,30,Single,United States,Louisville,KY,USA,Customer Service Representative,Customer Service,Customer Service Division,Customer Service
148,Emily Hill,Female,27/06/1991,37,Single,United States,Richmond,VA,USA,Product Manager,Product Management,Product Division,Product Management
149,William Baker,Male,30/01/1988,34,Married,United States,Oklahoma City,OK,USA,IT Specialist,IT,IT Division,IT
150,Ava Gonzalez,Female,13/10/1985,31,Single,United States,San Antonio,TX,USA,Administrative Assistant,Administration,Admin Division,Administration